{
  "timings": {
    "model_load": 10.164815664291382,
    "english": 12.705091953277588,
    "marathi": 27.812771558761597,
    "extraction": 60.846131324768066,
    "total": 101.36500239372253
  },
  "transcripts": {
    "english": " Mr. Patil, after reading your reports, I can see that your fatty liver and sugar levels are high.  But don't worry. It's the early stage.  You take Metformin 500mg in the morning and evening after eating one tablet.  And take 2-3 spoons of Live 1252 syrup every day.  Stop eating oily and sugary foods.  Take a walk every day for 30 minutes.  One more thing, do an ultrasound of your abdomen for the next visit.  I want to see your liver condition because of what's going on with it.  And take medicine continuously for 30 days and follow up.  And yes, don't eat late at night.  Otherwise, you won't have sugar control.  Okay? Let's see.",
    "marathi": " \u092e\u093f\u0938\u094d\u091f\u0930 \u092a\u093e\u091f\u0947\u0932, \u0924\u0941\u092e\u091a\u0947 \u0930\u093f\u092a\u094b\u0930\u094d\u091f\u094d\u0938 \u092a\u093e\u0907\u0932\u0947 \u0906\u0923\u093f \u092e\u0932\u093e \u0926\u093f\u0938\u0924\u093e \u0915\u093f \u0924\u0941\u092e\u094d\u0939\u093e\u0932\u093e \u0925\u094b\u0921\u093c\u0947 \u092b\u0948\u091f\u0940 \u0932\u093f\u0935\u0930 \u0906\u0923\u093f \u0936\u0941\u0917\u0930 \u0932\u0947\u0935\u0932 \u0906\u0908 \u0939\u093e\u0908, \u092a\u0923 \u091f\u0947\u0902\u0936\u0928 \u0917\u093f\u0935 \u0928\u0915\u093e, \u0907\u0938 \u0926\u0940 \u0905\u0930\u0932\u0947 \u0938\u094d\u091f\u0947\u091c, \u0924\u0941\u092e\u094d\u0939\u0940 \u092e\u0947\u091f\u093e\u092b\u0949\u0930\u094d\u092e\u093f\u0928 500 mg \u0938\u0915\u093e\u0932\u0940 \u0906\u0923\u093f \u0930\u093e\u0924\u0930\u0940 \u091c\u0947\u0935\u0928\u093e \u0905\u0902\u0924\u0930 \u090f\u0915 \u091f\u093e\u092c\u0932\u0947\u091f \u0917\u093f\u092f  \u0935\u0928 \u092e\u094b \u0925\u093f\u0902\u0917, \u0928\u0947\u0915\u094d\u0938\u094d\u091f \u0935\u093f\u091c\u093f\u091f \u0932\u093e \u0905\u0932\u094d\u091f\u094d\u0930\u093e \u0938\u0949\u0902\u0921 \u0911\u092b \u0905\u092a\u0921\u094b\u092e\u0928 \u0915\u0930\u0941\u0923 \u0906\u0928\u093e, \u0924\u0941\u092e\u091a\u0947 \u0932\u093f\u0935\u0930 \u091a\u0947 \u0915\u0902\u091f\u094d\u0930\u0940\u0936\u0928 \u092e\u0932\u093e \u092c\u0917\u093e\u092f \u091a\u093e\u0939\u0947 \u0915\u093e\u0908 \u0938\u0940\u0928 \u0939\u0948 \u0924\u091a \u092e\u0928\u0941\u0928, \u0906\u0923\u093f 30 \u0926\u093f\u0935\u0938 \u0924\u0941\u092e\u094d\u0939\u0940 \u092e\u0947\u0921\u093f\u0938\u0928 \u0915\u0902\u091f\u093f\u0928\u093f\u0935\u0938\u0932\u0940 \u0918\u094d\u092f\u093e \u0905\u0902\u0924\u0930\u0932\u093e \u092b\u0949\u0932\u094d\u0935 \u0905\u092a \u0915\u0930\u093e, \u0906\u0923\u093f \u0939\u094b \u091c\u0947\u0935\u0928 \u0935\u0947\u0932 \u0935\u0930 \u0918\u094d"
  },
  "entities": null
}